<?xml version="1.0" encoding="UTF-8"?>
<project-private xmlns="http://www.netbeans.org/ns/project-private/1">
    <editor-bookmarks xmlns="http://www.netbeans.org/ns/editor-bookmarks/2" lastBookmarkId="0"/>
    <open-files xmlns="http://www.netbeans.org/ns/projectui-open-files/2">
        <group>
            <file>file:/C:/Users/gohan/OneDrive/Documents/NetBeansProjects/SystemCc_Milktea/SystemCc_Milktea/src/systemcc_milktea/Milktea_CashieringInterface.java</file>
            <file>file:/C:/Users/gohan/OneDrive/Documents/NetBeansProjects/SystemCc_Milktea/SystemCc_Milktea/src/systemcc_milktea/Milktea_CategoryInterface.java</file>
            <file>file:/C:/Users/gohan/OneDrive/Documents/NetBeansProjects/SystemCc_Milktea/SystemCc_Milktea/src/systemcc_milktea/Milktea_MainMenu.java</file>
            <file>file:/C:/Users/gohan/OneDrive/Documents/NetBeansProjects/SystemCc_Milktea/SystemCc_Milktea/src/systemcc_milktea/Milktea_ProductInterface.java</file>
            <file>file:/C:/Users/gohan/OneDrive/Documents/NetBeansProjects/SystemCc_Milktea/SystemCc_Milktea/src/systemcc_milktea/Milktea_DisplayReportInterface.java</file>
        </group>
    </open-files>
</project-private>
